id,user_id,bank_id
5,28,356
6,37,379
7,37,386
8,37,396
9,37,403
10,37,412
11,37,415
12,37,417
13,37,419
14,37,420
15,37,422
16,37,423
17,19,1432
18,19,1207
19,19,1289
20,19,1093
21,19,1253
22,19,1293
23,19,1252
24,19,1250
25,19,1418
26,19,1415
27,19,1411
28,19,1080
29,19,1210
30,19,1433
31,19,1263
32,19,1258
33,19,1098
34,19,1291
35,19,1285
36,19,1086
37,19,1290
38,19,1204
39,19,1302
40,19,1437
41,19,1261
42,19,1431
43,19,1090
44,19,1298
45,19,1266
46,40,404
47,40,412
48,41,900
49,41,908
50,41,929
51,41,936
52,41,939
53,41,945
54,41,1084
55,41,1085
56,41,1088
57,41,1090
58,41,1092
59,41,1093
60,41,1095
61,41,1105
62,41,1107
63,41,1108
64,41,1109
65,41,1115
66,41,1118
67,44,327
68,44,321
69,25,944
70,25,1283
71,25,1098
72,25,1297
73,25,399
74,25,442
75,25,422
76,25,1203
77,25,1300
78,41,1211
79,41,1210
80,41,1208
81,41,1207
82,41,1205
83,41,1203
84,41,1201
85,44,355
86,44,383
87,44,404
88,44,410
89,44,412
90,44,414
91,44,421
92,44,422
93,44,442
94,44,500
95,44,505
96,44,507
97,44,506
98,44,515
99,26,388
100,26,365
101,26,392
102,26,400
103,26,411
104,26,412
105,26,415
106,26,419
107,26,420
108,26,422
109,26,423
110,26,429
111,26,436
112,26,452
113,26,457
114,26,461
115,26,464
116,26,476
117,26,481
118,26,489
119,26,493
120,26,495
121,26,496
122,26,506
123,26,507
124,26,519
125,26,520
126,25,1302
127,25,1293
128,46,468
129,46,448
130,46,442
131,46,434
132,46,420
133,46,414
134,25,929
135,25,932
136,25,935
137,25,936
138,25,943
139,25,945
140,28,1450
141,28,1411
142,28,1416
143,28,1434
144,28,1440
145,28,1445
146,46,908
147,28,1199
148,28,1200
149,28,1201
150,28,1203
151,28,1205
152,28,1207
153,28,1208
160,34,429
161,28,1083
162,28,1084
163,28,1085
164,28,1087
165,28,1092
166,28,1093
167,34,473
168,28,1098
169,34,421
170,34,467
171,34,379
172,34,515
173,34,377
174,34,412
186,28,916
187,28,929
188,28,932
189,28,935
190,28,936
191,28,937
192,28,939
193,28,943
194,28,941
195,28,947
198,48,1204
199,48,1092
200,48,1093
201,48,1094
202,48,1098
203,44,911
204,44,918
207,39,1304
208,44,473
218,28,506
219,28,401
220,28,515
221,28,430
222,28,1296
223,28,1442
224,28,1110
225,48,953
226,28,951
227,28,1314
228,28,566
229,28,955
230,28,1452
231,28,536
234,3,1090
235,3,1092
236,3,1093
237,41,476
238,41,940
239,41,496
240,41,1283
241,3,1111
242,3,1119
243,3,1118
248,3,1203
249,44,1090
250,3,1209
256,3,1246
257,3,1257
258,3,1283
259,3,1292
260,3,1293
261,3,1307
262,3,1308
263,3,1426
264,3,1450
265,3,1449
266,3,1448
273,37,901
274,37,903
275,37,948
276,37,949
278,37,958
280,37,959
281,37,963
282,37,964
283,37,965
284,37,966
285,37,967
299,55,326
300,55,324
306,44,1290
323,40,388
324,40,399
325,40,407
327,40,417
329,40,422
330,40,429
334,40,432
335,40,433
338,40,464
339,40,471
340,40,476
343,40,489
344,40,491
345,40,496
346,40,506
347,40,507
349,40,510
350,40,511
351,40,512
352,40,514
355,40,517
357,40,520
358,40,525
368,55,1209
369,55,1414
370,55,1415
371,55,1419
372,55,1422
373,55,1423
374,55,1425
375,55,1427
376,55,1428
377,55,1429
378,55,1252
379,55,1256
380,55,1259
381,55,1261
382,55,1274
383,55,1276
384,55,1286
385,55,1297
386,55,1300
406,40,900
407,40,902
409,40,907
410,40,908
411,40,910
412,40,911
413,40,916
414,40,927
415,40,929
416,40,936
417,40,940
418,40,941
419,40,945
420,40,947
434,40,1090
435,40,1092
436,40,1096
437,40,1097
438,40,1098
446,40,1194
447,40,1198
448,40,1203
450,40,1204
451,40,1205
452,57,1249
453,57,1280
454,31,1256
467,40,1245
468,40,1270
469,40,1271
470,40,1272
471,40,1276
472,40,1279
473,40,1281
474,40,1293
475,40,1294
476,40,1297
477,40,1302
478,40,1413
483,55,896
484,55,897
503,3,935
505,3,1437
509,25,1290
510,25,1294
511,25,1264
512,25,1315
513,25,1204
515,14,355
516,14,373
517,14,376
518,14,386
519,14,388
520,14,389
521,14,390
523,14,392
524,14,395
525,14,404
526,14,408
527,14,412
528,14,415
529,14,418
530,14,419
531,14,420
532,14,421
533,14,424
534,14,427
535,14,428
536,14,435
537,14,438
538,14,440
539,14,442
540,14,453
541,14,454
542,14,457
543,14,458
544,14,460
545,14,462
546,14,465
547,14,466
548,14,468
549,14,473
550,14,896
551,14,899
552,14,900
553,14,901
554,14,903
555,14,904
556,14,905
557,14,906
558,14,908
559,14,909
560,14,911
561,14,912
562,14,913
563,14,914
564,14,915
565,14,916
566,14,917
567,14,919
568,14,920
569,14,925
570,14,927
571,56,519
572,56,461
573,56,364
574,56,412
575,56,507
576,56,512
577,56,515
578,56,439
579,56,495
580,56,513
581,56,370
582,56,464
583,56,411
584,56,390
585,56,363
586,56,379
587,56,415
588,56,517
589,56,432
590,56,523
591,56,433
592,56,510
593,56,525
594,56,489
595,56,399
596,56,365
597,56,398
598,56,472
599,56,493
600,56,468
601,56,483
602,56,504
603,56,395
604,56,500
605,56,404
606,56,388
607,56,355
608,56,454
609,56,508
610,56,496
611,56,378
612,56,441
613,56,453
614,56,383
615,56,469
616,56,524
617,56,358
618,34,936
619,34,909
620,34,926
621,34,935
622,34,912
623,34,921
640,37,448
641,37,1283
642,37,483
643,37,896
644,37,1293
645,37,394
646,37,1416
647,37,1279
648,37,449
649,37,1439
650,37,1247
651,37,475
652,37,399
653,37,480
654,37,1295
655,37,441
656,37,1259
657,37,327
658,37,484
659,37,376
660,37,457
661,37,1296
662,37,1304
663,37,510
664,37,522
665,37,1096
666,37,1284
667,37,1291
668,37,490
669,37,493
670,37,502
671,37,935
672,37,469
673,37,1428
674,37,1434
675,37,1208
676,37,1097
677,37,1095
678,37,519
679,37,513
680,37,1253
681,37,405
682,37,504
683,37,1089
684,34,1207
685,37,1297
686,37,1250
687,37,471
688,37,514
689,37,900
690,37,1444
691,37,499
692,37,482
693,37,496
694,37,515
695,37,430
696,37,450
697,37,924
698,37,1092
699,37,945
700,37,937
701,37,523
702,37,1277
703,37,1090
704,37,408
705,37,1257
706,37,478
707,37,1271
708,37,932
709,37,500
710,37,1256
711,37,1418
712,37,508
713,37,1414
714,37,489
715,37,454
716,37,943
717,37,1267
718,37,940
719,37,440
720,37,1245
721,37,1278
722,37,911
723,37,1415
724,37,1440
725,37,517
726,37,939
727,37,488
728,37,1261
729,37,1298
730,37,1260
731,37,1202
732,37,414
733,37,947
734,37,1274
735,37,1262
736,37,460
737,37,1273
738,37,930
739,37,1435
740,37,434
741,37,1203
742,37,421
743,37,1437
744,37,373
745,37,512
746,37,1198
747,37,494
748,37,425
749,37,1438
750,34,1298
751,34,1297
752,37,1429
753,37,464
754,34,1277
755,34,1301
756,37,1264
757,34,1293
758,34,1295
759,37,497
760,37,1411
761,37,516
762,37,912
763,37,1085
764,37,433
765,37,1430
766,37,1426
767,37,495
768,37,507
769,37,413
770,37,1421
771,34,1438
772,34,1441
773,34,1417
782,34,510
783,34,506
784,34,492
785,34,400
786,34,514
787,34,475
788,34,447
789,34,508
790,34,486
792,34,417
793,34,1439
795,34,498
797,34,511
813,63,525
820,63,896
821,63,899
822,49,1634
823,68,1527
824,10,1555
825,66,1596
826,66,1597
827,66,1601
828,66,1637
829,66,1638
830,66,1642
831,66,1643
832,66,1651
833,66,1654
834,66,1656
835,66,1665
836,66,1670
837,66,1672
838,66,1675
839,66,1521
840,66,1531
841,66,1533
842,66,1535
843,66,1543
844,66,1571
845,66,1573
846,66,1575
847,66,1580
848,66,1585
849,66,1586
850,66,1590
851,66,1593
852,69,1642
853,69,1657
854,69,1670
855,69,1679
856,69,1682
857,69,1687
858,69,1689
859,70,1543
860,70,1539
861,70,1535
862,70,1527
863,70,1572
864,68,1521
865,68,1535
866,70,1578
867,70,1586
868,70,1599
869,70,1597
870,70,1611
871,65,1521
872,65,1536
873,65,1540
874,65,1572
875,65,1586
876,65,1593
877,65,1597
878,65,1596
879,65,1645
880,65,1668
881,65,1670
882,65,1716
883,65,1717
884,65,1718
885,65,1730
886,65,1732
887,65,1733
888,65,1734
889,65,1735
890,65,1736
891,65,1737
892,65,1738
893,65,1739
894,65,1740
895,65,1741
896,65,1742
897,65,1743
898,65,1744
899,65,1745
900,65,1746
901,65,1747
902,65,1748
903,65,1749
904,65,1750
905,65,1751
906,65,1752
907,65,1753
908,65,1754
909,65,1755
910,65,1756
911,65,1757
912,65,1758
913,65,1759
914,65,1760
915,65,1761
916,65,1762
917,65,1763
918,65,1764
919,65,1765
920,65,1766
921,65,1767
922,65,1768
923,65,1769
924,65,1770
925,65,1808
926,65,1809
927,65,1810
928,65,1811
929,65,1812
930,65,1813
931,65,1814
932,65,1815
933,65,1816
934,65,1817
935,65,1818
936,65,1819
937,65,1820
938,65,1821
939,65,1822
940,65,1823
941,65,1824
942,65,1825
943,65,1826
944,65,1827
945,65,1828
946,65,1829
947,65,1830
948,65,1831
949,65,1832
950,65,1833
951,65,1834
952,65,1835
953,65,1836
954,65,1837
955,65,1838
956,65,1839
957,65,1840
958,65,1841
959,65,1842
960,65,1843
961,65,1844
962,65,1845
963,65,1846
964,65,1847
965,65,1848
966,65,1849
967,65,1850
968,65,1851
969,65,1852
970,65,1853
971,65,1854
972,65,1855
973,65,1856
974,65,1857
975,65,1858
976,65,1859
977,65,1860
978,65,1861
979,65,1862
980,65,1863
981,65,1864
982,65,1865
983,65,1866
984,65,1867
985,65,1868
986,65,1869
987,65,1870
988,65,1871
989,65,1872
990,65,1873
991,65,1874
992,65,1875
993,65,1876
994,65,1877
995,65,1878
996,65,1879
997,65,1880
998,65,1881
999,65,1882
1000,65,1883
1001,65,1884
1002,65,1885
1003,65,1886
1004,65,1887
1005,65,1888
1006,65,1889
1007,65,1890
1008,65,1891
1009,65,1892
1010,65,1893
1011,65,1894
1012,65,1895
1013,65,1896
1014,65,1897
1015,65,1898
1016,65,1899
1017,65,1900
1018,65,1901
1019,65,1902
1020,65,1903
1021,65,1904
1022,65,1905
1023,65,1906
1024,65,1907
1025,65,1908
1026,65,1909
1027,65,1910
1028,65,1911
1029,65,1912
1030,65,1913
1031,65,1914
1032,10,1656
1033,10,1660
1034,10,1670
1035,10,1687
1036,70,1636
1037,70,1637
1038,70,1640
1039,70,1642
1040,10,1684
1041,70,1643
1042,70,1653
1043,10,1679
1044,70,1667
1045,70,1657
1046,70,1671
1047,70,1670
1048,70,1672
1052,68,1572
1053,68,1576
1054,68,1579
1055,68,1584
1056,68,1586
1057,68,1588
1058,68,1589
1059,68,1590
1060,68,1592
1061,68,1596
1062,68,1597
1063,68,1601
1079,72,1522
1080,72,1531
1081,72,1533
1082,72,1535
1083,72,1537
1084,72,1538
1085,72,1543
1086,72,1545
1087,72,1593
1088,72,1642
1089,72,1670
1090,72,1717
1092,72,1722
1094,72,1736
1098,66,1913
1099,66,1905
1100,72,1761
1101,66,1902
1102,66,1887
1103,66,1883
1104,66,1878
1105,66,1877
1106,66,1869
1107,66,1864
1108,66,1858
1109,66,1849
1110,66,1838
1111,66,1827
1112,66,1816
1113,66,1808
1114,66,1756
1115,66,1755
1116,66,1750
1117,66,1749
1118,66,1742
1119,66,1741
1120,66,1738
1121,66,1736
1122,66,1723
1123,66,1717
1125,69,1792
1126,69,1795
1127,69,1797
1128,69,1798
1129,69,1777
1130,69,1729
1131,69,1738
1132,69,1739
1133,69,1741
1134,71,1539
1135,71,1542
1136,71,1543
1137,71,1545
1138,4,1520
1139,4,1522
1140,4,1533
1141,4,1535
1142,4,1536
1143,71,1547
1144,4,1537
1145,71,1550
1146,71,1552
1147,71,1553
1148,4,1555
1149,4,1558
1150,71,1572
1151,71,1573
1152,71,1576
1153,71,1578
1154,4,1573
1155,71,1580
1156,71,1581
1157,4,1577
1158,4,1579
1159,4,1580
1160,4,1586
1161,71,1594
1162,71,1596
1163,4,1593
1164,4,1595
1165,4,1600
1166,4,1603
1167,4,1604
1168,71,1601
1169,71,1603
1170,71,1604
1171,71,1610
1172,71,1611
1173,4,1611
1174,81,1520
1175,81,1521
1176,81,1543
1177,81,1544
1179,81,1547
1180,81,1552
1181,81,1553
1184,81,1556
1187,81,1561
1188,81,1563
1189,70,1716
1190,70,1717
1193,70,1720
1194,70,1724
1197,70,1727
1198,70,1729
1200,70,1734
1201,71,1636
1203,71,1638
1204,70,1736
1205,71,1642
1206,70,1738
1208,70,1740
1209,71,1643
1210,70,1741
1211,70,1744
1212,70,1752
1213,70,1755
1214,70,1760
1215,70,1765
1218,71,1652
1219,71,1653
1221,71,1654
1222,71,1657
1223,71,1660
1224,71,1666
1226,71,1667
1228,71,1668
1229,71,1669
1230,71,1670
1231,71,1671
1232,81,1573
1233,81,1577
1234,81,1580
1235,81,1585
1236,81,1586
1237,81,1595
1238,81,1596
1239,81,1597
1240,81,1601
1241,81,1603
1242,81,1604
1243,81,1611
1244,81,1630
1245,80,1883
1246,80,1827
1247,80,1892
1248,80,1808
1249,80,1900
1250,80,1814
1251,80,1878
1252,80,1910
1253,80,1861
1254,80,1654
1255,80,1717
1256,80,1848
1257,80,1719
1258,80,1527
1259,80,1765
1260,80,1904
1261,80,1657
1262,80,1884
1263,80,1596
1264,80,1661
1265,71,1808
1266,10,1657
1267,71,1814
1268,71,1815
1269,71,1818
1270,71,1823
1271,71,1824
1272,71,1825
1273,71,1826
1274,10,1669
1275,71,1827
1276,71,1828
1277,71,1829
1278,71,1830
1279,71,1831
1280,71,1832
1281,71,1833
1282,71,1834
1283,71,1835
1284,71,1836
1285,71,1837
1286,71,1838
1287,71,1839
1288,71,1840
1289,71,1841
1290,71,1842
1291,71,1843
1292,71,1844
1293,71,1845
1294,71,1846
1295,71,1847
1296,71,1848
1297,71,1849
1298,71,1850
1299,71,1851
1300,71,1852
1301,71,1853
1302,71,1854
1303,71,1855
1304,71,1856
1305,71,1857
1306,71,1858
1307,71,1859
1308,71,1860
1309,71,1861
1310,71,1862
1311,71,1863
1312,71,1864
1313,71,1865
1314,71,1866
1315,71,1867
1316,71,1868
1317,71,1869
1318,71,1870
1319,71,1871
1320,71,1872
1321,71,1873
1322,71,1874
1323,71,1875
1324,71,1876
1325,71,1877
1326,71,1878
1327,71,1879
1328,71,1880
1329,71,1881
1330,71,1882
1331,71,1883
1332,71,1884
1333,71,1885
1334,71,1886
1335,71,1887
1336,71,1889
1337,71,1890
1338,71,1891
1339,71,1892
1340,71,1893
1341,71,1894
1342,71,1895
1343,71,1896
1344,71,1897
1345,71,1898
1346,71,1899
1347,71,1900
1348,71,1901
1349,71,1902
1350,71,1903
1351,71,1904
1352,71,1905
1353,71,1906
1354,71,1907
1355,71,1908
1356,71,1909
1357,71,1910
1358,71,1911
1359,71,1912
1360,71,1913
1361,71,1914
1362,71,1716
1363,71,1717
1364,71,1718
1365,71,1719
1366,71,1720
1367,71,1721
1368,71,1722
1369,71,1723
1370,71,1724
1371,71,1725
1372,71,1726
1373,71,1727
1374,71,1728
1375,4,1642
1376,4,1657
1377,4,1670
1378,81,1645
1379,71,1729
1380,71,1730
1381,71,1731
1382,71,1732
1383,71,1734
1384,71,1735
1385,71,1736
1386,71,1737
1387,71,1738
1388,71,1739
1389,71,1740
1390,71,1741
1391,71,1742
1392,71,1743
1393,71,1744
1394,71,1745
1395,4,1679
1396,71,1747
1397,71,1748
1398,81,1654
1399,71,1749
1400,71,1750
1401,71,1751
1402,71,1752
1403,71,1753
1404,71,1754
1405,71,1755
1406,71,1756
1407,71,1757
1408,71,1758
1409,71,1759
1410,71,1760
1411,71,1761
1412,71,1762
1413,71,1763
1414,71,1764
1415,71,1765
1416,71,1766
1417,4,1682
1418,71,1767
1419,71,1768
1420,4,1683
1421,71,1769
1422,71,1770
1423,81,1665
1424,81,1670
1425,81,1679
1426,81,1683
1427,81,1690
1428,81,1694
1429,69,1915
1430,69,1918
1431,83,1521
1432,69,1919
1433,83,1522
1434,69,1920
1435,69,1922
1436,69,1923
1437,69,1924
1438,83,1533
1439,83,1535
1440,83,1536
1441,83,1538
1442,83,1537
1443,83,1539
1444,83,1542
1445,83,1543
1446,69,1825
1447,69,1828
1448,69,1838
1449,10,1755
1450,69,1848
1451,69,1858
1452,83,1553
1453,83,1552
1454,69,1875
1455,83,1547
1456,69,1883
1457,69,1884
1458,69,1885
1459,69,1886
1460,69,1887
1461,69,1888
1462,69,1890
1463,69,1895
1464,69,1904
1465,10,1765
1466,69,1905
1467,4,1718
1468,69,1907
1469,69,1908
1470,69,1909
1471,69,1911
1472,4,1723
1473,4,1727
1474,4,1735
1475,10,1786
1476,4,1741
1477,4,1744
1478,4,1747
1479,4,1749
1480,81,1717
1481,81,1722
1482,81,1723
1483,81,1734
1484,81,1736
1485,81,1740
1486,81,1741
1487,10,1795
1488,4,1777
1489,81,1750
1490,70,1808
1491,4,1787
1492,4,1788
1493,4,1789
1494,70,1810
1495,4,1792
1496,70,1813
1497,4,1794
1498,4,1795
1499,70,1816
1500,4,1798
1502,69,1521
1503,70,1822
1504,70,1823
1505,69,1604
1506,10,1796
1507,81,1777
1508,69,1917
1509,70,1824
1510,70,1831
1511,70,1834
1512,81,1789
1513,70,1838
1514,70,1845
1515,70,1848
1516,70,1850
1517,70,1851
1518,70,1854
1519,83,1571
1520,70,1857
1521,83,1573
1522,70,1858
1523,83,1575
1524,83,1576
1525,70,1863
1526,83,1577
1527,83,1578
1528,70,1864
1529,83,1579
1530,83,1580
1531,70,1871
1532,83,1581
1533,70,1874
1534,83,1586
1535,70,1878
1536,70,1879
1537,70,1880
1538,70,1883
1539,83,1590
1540,70,1884
1541,83,1589
1542,70,1885
1543,70,1886
1544,83,1587
1545,70,1890
1546,70,1892
1547,70,1898
1548,70,1899
1549,70,1903
1550,70,1904
1551,70,1906
1552,70,1907
1553,83,1593
1554,83,1594
1555,83,1603
1556,83,1604
1557,83,1605
1558,83,1606
1559,83,1608
1560,83,1610
1561,83,1611
1562,70,1908
1563,70,1909
1564,70,1912
1565,70,1913
1566,70,1914
1582,83,1609
1583,83,1607
1588,81,1823
1589,81,1808
1590,81,1834
1591,81,1836
1592,81,1848
1593,81,1864
1594,81,1871
1595,81,1872
1596,81,1873
1597,81,1877
1598,81,1883
1599,81,1884
1600,81,1885
1601,81,1887
1602,81,1888
1603,81,1889
1604,81,1898
1605,81,1903
1606,81,1906
1607,81,1910
1608,81,1912
1609,81,1919
1610,81,1922
1611,81,1923
1612,81,1924
1613,4,1813
1614,4,1811
1615,4,1808
1616,4,1816
1617,4,1820
1618,4,1823
1619,83,1723
1620,4,1827
1621,4,1829
1622,4,1832
1623,4,1834
1624,4,1836
1625,4,1845
1626,4,1848
1627,4,1851
1628,4,1854
1629,4,1857
1630,4,1858
1631,4,1864
1632,4,1869
1633,4,1872
1634,4,1873
1635,4,1874
1636,4,1877
1637,4,1878
1638,4,1879
1639,4,1880
1640,4,1883
1641,4,1884
1642,4,1886
1643,4,1887
1644,4,1888
1645,4,1889
1646,4,1890
1647,4,1899
1648,4,1904
1649,4,1907
1650,4,1910
1651,4,1911
1652,4,1914
1653,4,1918
1654,4,1919
1655,4,1920
1656,4,1921
1657,4,1922
1658,4,1923
1659,4,1924
1660,24,1716
1661,24,1736
1662,24,1741
1663,24,1742
1664,24,1753
1665,24,1752
1666,24,1756
1667,24,1762
1668,24,1765
1669,24,1766
1670,24,1777
1671,24,1795
1672,24,1794
1673,24,1793
1674,24,1797
1675,24,1798
1676,25,1558
1677,25,1555
1678,25,1556
1679,25,1573
1680,25,1586
1681,25,1593
1682,25,1597
1683,25,1577
1684,25,1600
1685,25,1604
1686,25,1607
1687,25,1611
1688,25,1614
1689,25,1615
1690,25,1616
1691,25,1617
1692,25,1642
1693,25,1643
1694,25,1654
1695,25,1657
1696,25,1658
1697,25,1660
1698,25,1661
1699,25,1670
1700,25,1675
1701,25,1687
1702,25,1679
1703,25,1740
1704,25,1741
1705,25,1750
1706,25,1752
1707,25,1755
1708,25,1765
1709,25,1766
1710,25,1785
1711,25,1791
1712,25,1792
1713,25,1797
1714,25,1795
1715,25,1794
1716,25,1808
1717,25,1817
1718,25,1819
1719,25,1820
1720,25,1823
1721,25,1827
1722,25,1828
1723,25,1836
1724,25,1848
1725,25,1854
1726,25,1858
1727,25,1862
1728,25,1864
1729,87,359
1730,87,369
1731,87,367
1732,87,377
1733,87,403
1734,4,2323
1735,4,2326
1736,4,2336
1737,4,2339
1738,4,2340
1739,4,2344
1740,4,2348
1741,4,2360
1742,4,2361
1743,4,2363
1744,4,2364
1745,4,2365
1746,4,2368
1747,4,2372
1748,4,2382
1749,4,2390
1750,4,2395
1751,4,2400
1752,4,2403
1753,4,2405
1754,4,2407
1755,4,2408
1756,4,2409
1757,4,2418
1758,4,2419
1759,4,2422
1760,4,2423
1761,4,2425
1762,4,2426
1763,4,2427
1764,4,2428
1765,4,2433
1766,4,2436
1767,4,2439
1768,4,2444
1769,4,2449
1770,4,2446
1771,4,2451
1772,4,2452
1773,4,2453
1774,4,2456
1775,4,2457
1776,4,2458
1777,4,2461
1778,4,2462
1779,4,2463
1780,4,2465
1781,4,2467
1782,4,2468
1783,4,2476
1784,4,2478
1913,21,3623
1914,21,3629
1915,21,3638
1916,21,3641
1917,21,3643
1918,21,3646
1919,21,3648
1920,21,3655
1921,12,3730
1922,12,3737
1923,12,3738
1924,12,3739
1925,12,3740
1926,12,3742
1927,12,3743
1928,12,3744
1929,12,3746
1930,12,3747
1931,12,3752
1932,12,3755
1933,12,3758
1934,12,3761
1935,12,3762
1936,12,3764
1937,12,3765
1938,12,3767
1939,12,3769
1940,12,3770
1941,12,3772
1942,12,3773
1943,12,3774
1944,12,3872
1945,12,3873
1946,12,3877
1947,12,3879
1948,12,3880
1949,12,3883
1950,12,3885
1951,12,3886
1952,12,3782
1953,12,3783
1954,12,3784
1955,12,3797
1956,12,3800
1957,12,3801
1958,12,3804
1959,12,3805
1960,12,3806
1961,12,3807
1962,12,3808
1963,12,3810
1964,12,3897
1965,12,3899
1966,12,3901
1967,12,3902
1968,12,3903
1969,12,3904
1970,12,3905
1971,12,3906
1972,12,3907
1973,12,3908
1974,12,3909
1975,12,3911
1976,12,3912
1977,12,3913
1978,12,3914
1979,12,3915
1980,12,3916
1981,12,3917
1982,12,3918
1983,12,3821
1984,12,3823
1985,12,3825
1986,12,3827
1987,12,3829
1988,12,3830
1989,12,3832
1990,12,3833
1991,12,3834
1992,12,3837
1993,12,3838
1994,12,3839
1995,12,3841
1996,12,3842
1997,12,3843
1998,12,3844
1999,12,3846
2000,12,3847
2001,12,3848
2002,12,3849
2003,12,3850
2004,12,3851
2005,12,3852
2006,12,3853
2007,12,3854
2008,12,3855
2035,21,3673
2036,21,3688
2037,21,3707
2038,21,3710
2039,21,3711
2040,21,3712
2041,21,3713
2042,21,3714
2043,83,3389
2044,87,327
2045,87,357
2046,87,358
2047,87,360
2048,87,363
2049,87,365
2050,87,366
2051,87,368
2052,87,379
2053,87,380
2054,87,383
2055,87,384
2056,87,388
2057,87,390
2058,87,398
2059,87,399
2060,87,400
2061,87,401
2062,87,402
2063,87,404
2064,87,407
2065,87,414
2066,87,419
2067,87,429
2068,87,430
2069,87,435
2070,87,437
2071,87,440
2072,87,441
2073,87,442
2074,87,444
2075,87,445
2076,87,446
2077,87,447
2078,87,448
2079,87,452
2080,87,453
2081,87,455
2082,87,459
2083,87,461
2084,87,462
2085,87,465
2086,87,466
2087,87,469
2088,87,470
2089,87,471
2090,87,472
2091,39,1999
2092,39,2001
2093,39,2007
2094,39,2006
2095,39,2014
2123,4,4000
2124,4,4004
2125,4,4008
2126,4,4011
2127,4,4014
2130,4,4026
2131,4,4028
2132,4,4029
2133,4,4034
2134,4,4035
2135,4,4036
2136,4,4038
2137,4,4046
2138,4,4049
2139,4,4050
2140,4,4051
2141,4,4058
2143,4,4062
2144,4,4063
2146,4,4072
2147,4,4074
2148,4,4075
2149,4,4079
2150,4,4123
2151,4,4125
2152,4,4126
2153,4,4137
2177,19,1949
2178,19,1958
2179,19,2001
2180,19,2006
2181,19,2035
2182,19,2036
2183,19,2040
2184,19,2049
2185,19,2073
2186,19,2080
2187,19,2084
2188,19,2086
2189,19,2115
2190,19,2120
2191,19,2123
2192,19,2125
2193,19,2127
2194,19,2129
2195,19,2154
2196,19,2159
2197,19,2163
2198,19,2207
2199,19,2212
2200,19,2214
2201,19,2215
2202,19,2218
2203,19,2482
2204,19,2486
2205,19,2501
2206,19,2502
2207,19,2504
2208,19,2507
2209,19,2511
2210,19,2515
2211,19,2534
2212,19,2537
2213,19,2562
2214,19,2568
2215,19,2600
2216,19,2603
2217,19,2612
2218,19,2614
2219,19,2616
2220,19,2617
2221,19,2640
2222,19,2641
2223,19,2647
2224,19,2649
2225,19,2680
2226,19,2683
2227,19,2706
2228,19,2708
2229,19,2710
2230,19,2711
2231,19,2731
2232,19,2745
2233,19,2749
2234,19,2750
2235,19,2751
2236,19,2755
2237,19,2756
2238,19,2770
2239,19,2775
2240,19,2782
2241,19,2783
2242,19,2804
2243,19,2807
2244,19,2813
2245,19,2878
2246,19,2883
2247,19,2885
2248,19,2950
2249,19,2954
2250,19,2956
2251,19,2960
2252,19,2925
2253,19,2928
2254,19,2929
2255,19,2930
2256,4,4154
2257,4,4160
2258,4,4163
2259,4,4167
2260,4,4172
2261,4,4176
2262,4,4180
2263,4,4185
2264,4,4193
2265,4,4206
2266,4,4232
2267,4,4235
2268,4,4243
2269,4,4250
2270,4,4251
2271,4,4305
2272,4,4310
2273,4,4326
2274,4,4330
2275,4,4337
2276,4,4344
2277,4,4345
2278,4,4346
2279,4,4347
2280,4,4349
2404,40,1521
2405,40,1522
2406,40,1523
2407,40,1531
2408,40,1533
2409,40,1535
2410,40,1547
2411,40,1551
2412,40,1552
2413,40,1553
2414,40,1573
2415,40,1575
2416,40,1577
2417,40,1580
2418,40,1581
2419,40,1585
2420,40,1586
2421,40,1590
2422,40,1593
2423,40,1596
2424,40,1597
2425,40,1600
2426,40,1603
2427,40,1613
2428,40,1616
2429,40,1617
2430,40,1618
2436,28,2974
2437,28,2975
2438,28,2977
2439,28,2988
2440,28,2991
2441,28,2993
2442,28,2996
2443,28,3004
2444,28,3008
2445,54,2977
2446,54,2982
2447,54,2984
2448,54,2988
2449,54,2990
2450,74,1520
2451,74,1521
2452,74,1531
2453,74,1572
2454,74,1573
2455,74,1579
2456,74,1586
2457,74,1593
2458,74,1642
2459,74,1647
2460,74,1555
2461,74,1556
2462,74,1557
2463,74,1558
2464,74,1616
2465,74,1617
2466,74,1679
2467,74,1680
2468,74,1689
2469,74,1888
2470,74,1887
2471,74,1903
2472,74,1909
2473,74,2246
2474,74,2250
2475,74,2252
2476,74,2253
2477,74,2255
2478,74,2256
2479,74,2259
2480,74,2262
2481,74,2263
2482,74,2264
2483,74,2266
2484,74,2267
2485,74,2292
2486,74,2293
2487,74,2294
2488,74,2295
2489,54,1720
2490,54,1723
2491,54,1728
2492,54,1738
2493,54,1739
2494,54,1741
2519,40,1579
2520,40,1642
2521,40,1647
2522,40,1654
2524,40,1719
2525,40,1722
2526,40,1731
2527,40,1736
2528,40,1739
2529,40,1741
2530,40,1808
2531,40,1817
2533,40,1820
2534,40,1823
2535,40,1827
2537,40,1829
2538,40,1831
2539,40,1848
2540,40,1850
2542,40,1853
2543,40,1857
2544,40,1858
2546,40,1864
2548,40,1877
2549,40,1884
2550,40,1887
2551,40,1888
2552,40,1892
2553,40,1902
2554,40,1903
2555,40,1906
2556,40,1907
2557,40,1908
2558,40,2324
2559,40,2326
2560,40,2327
2561,40,2338
2562,40,2344
2563,40,2348
2564,40,2351
2565,40,2355
2579,40,2356
2580,40,2362
2582,40,2375
2584,40,2376
2585,40,2384
2586,40,2385
2587,40,2388
2590,40,2976
2591,40,2977
2592,40,2979
2593,40,2982
2594,40,2988
2595,40,2990
2596,40,2991
2616,40,2994
2617,40,2995
2618,40,2996
2619,40,3000
2620,40,3008
2621,40,3009
2622,40,3011
2623,40,3012
2624,40,3014
2625,40,3015
2626,40,3016
2627,40,3025
2628,40,3026
2629,40,3032
2630,91,2328
2631,91,3047
2632,91,1684
2633,91,3042
2634,91,3215
2635,91,3311
2636,91,3048
2637,91,1615
2638,91,3060
2639,91,1921
2640,91,3197
2641,91,1892
2642,91,1719
2643,91,3259
2644,91,2974
2645,91,1817
2646,91,3172
2647,91,1878
2648,91,3001
2649,91,1741
2650,91,1823
2651,91,1729
2652,91,2256
2653,91,2351
2654,91,1573
2655,91,2358
2656,91,2264
2657,91,3267
2658,91,1832
2659,91,1522
2691,40,1824
2695,40,1832
2726,40,1557
2765,4,3174
2766,4,3175
2767,4,1853
2768,4,3000
2769,4,2977
2770,4,3006
2771,4,3063
2772,4,3067
2773,4,3308
2774,4,3004
2775,4,1661
2776,4,2362
2777,4,2244
2778,4,3140
2779,4,3273
2780,4,3071
2781,4,3315
2782,4,1796
2783,4,2413
2784,4,3045
2785,92,2984
2786,4,2290
2787,4,2356
2788,4,2993
2789,4,2971
2790,4,3017
2791,4,3288
2792,4,3190
2793,4,3061
2794,4,3052
2795,4,3068
2796,4,3294
2797,4,3073
2798,94,2355
2799,94,3033
2800,94,3034
2801,94,3035
2802,94,3038
2803,94,3146
2804,94,3156
2805,94,3167
2806,94,3168
2807,94,3170
2808,94,3175
2809,94,3177
2810,94,3178
2811,94,3258
2812,87,1425
2813,87,1417
2814,87,1411
2815,87,1212
2816,87,1211
2817,87,1210
2818,87,1209
2819,87,1207
2820,87,1205
2821,87,531
2822,87,532
2823,87,533
2824,87,539
2825,87,545
2826,87,548
2827,87,551
2828,87,552
2829,87,554
2830,87,560
2831,87,952
2832,87,953
2833,87,958
2834,87,961
2835,87,964
2836,87,966
2837,87,968
2838,87,1099
2839,87,1103
2840,87,1105
2841,87,1107
2842,87,1110
2843,87,1111
2844,87,1112
2845,87,1115
2846,87,1116
2847,87,1117
2848,87,1119
2849,87,1122
2850,87,1307
2851,87,1309
2852,87,1310
2853,87,1314
2854,87,1321
2855,87,1452
2856,87,1455
2857,87,901
2858,87,902
2859,87,903
2860,87,904
2861,87,908
2862,87,905
2863,87,909
2864,87,911
2865,87,912
2866,87,915
2867,87,917
2868,87,925
2869,87,929
2870,87,932
2871,87,933
2872,87,934
2873,87,935
2874,87,939
2875,87,940
2876,87,943
2877,87,944
2878,87,945
2879,87,946
2880,87,1081
2881,87,1086
2882,87,1090
2883,87,1095
2884,87,1195
2885,87,1194
2886,87,1200
2887,87,1201
2888,87,1203
2889,87,1204
2890,87,1245
2891,87,1247
2892,87,1248
2893,87,1253
2894,87,1257
2895,87,1259
2896,87,1263
2897,87,1264
2898,87,1273
2899,87,1274
2900,87,1278
2901,87,1283
2902,87,1284
2903,87,1285
2904,87,1286
2905,87,1289
2906,87,1291
2907,87,1293
2908,87,1294
2909,87,1297
2910,87,1415
2911,87,1416
2912,87,1422
2913,87,1424
2914,87,1429
2915,87,1432
2916,87,1433
2917,87,1437
2918,87,1439
2919,87,1440
2920,87,1445
2921,87,476
2922,87,484
2923,87,489
2924,87,490
2925,87,494
2926,87,496
2927,87,497
2928,87,500
2929,87,501
2930,87,503
2931,87,505
2932,87,507
2933,87,508
2934,87,514
2935,87,516
2936,87,520
2937,87,523
2938,87,525
2939,87,524
2940,87,464
2941,87,458
2942,87,449
2943,87,1251
2944,87,1282
2945,87,1300
2946,87,1088
2947,87,924
2948,87,923
2949,87,434
2950,87,425
2951,87,415
2952,87,559
2953,87,568
2954,87,948
2955,87,949
2956,87,955
2957,87,967
2958,87,1100
2959,87,1308
2960,87,1312
2961,87,931
2983,272,74
2984,272,73
2985,272,67
2986,274,9
2987,274,17
2988,274,27
2989,274,22
2990,274,11
2991,274,3
2992,274,2
2993,274,32
2994,274,45
2995,274,50
3059,43,5124
3060,43,5128
3061,43,5130
3062,43,5168
3063,43,5169
3064,43,5170
3065,43,5171
3067,43,5227
3068,43,5232
3069,43,5233
3070,43,5234
3072,43,5265
3073,43,5266
3074,43,5269
3075,43,5291
3076,43,5296
3077,43,5298
3078,43,5305
3079,43,5342
3080,43,5344
3081,43,5345
3082,43,5347
3083,43,5348
3084,43,5349
3085,43,5350
3086,275,327
3087,275,365
3088,275,383
3089,275,410
3090,275,412
3091,275,414
3092,275,415
3093,275,419
3094,275,420
3095,275,421
3096,275,427
3097,275,436
3098,275,438
3099,275,440
3100,275,441
3101,275,443
3102,275,448
3103,275,453
3104,275,454
3105,275,459
3106,275,461
3107,275,462
3108,275,463
3109,275,464
3110,275,465
3111,275,471
3112,275,476
3113,275,489
3114,275,495
3115,275,496
3116,275,498
3117,275,499
3118,275,500
3119,275,501
3120,275,503
3121,275,504
3122,275,505
3123,275,506
3124,275,507
3125,275,509
3126,275,510
3127,275,511
3128,275,513
3129,275,514
3130,275,515
3131,275,518
3132,275,519
3133,275,520
3134,275,523
3135,275,524
3136,275,525
3137,275,911
3138,275,912
3139,275,929
3140,275,928
3141,275,930
3142,275,932
3143,275,933
3144,275,935
3145,275,936
3146,275,939
3147,275,943
3148,275,944
3150,275,945
3151,275,947
3152,275,1093
3153,275,1095
3154,275,1096
3155,275,1097
3156,275,1098
3157,275,1194
3158,275,1204
3159,275,1205
3160,275,1207
3161,275,1208
3162,275,1247
3163,275,1248
3164,275,1252
3165,275,1264
3166,275,1267
3167,275,1268
3168,275,1270
3169,275,1275
3170,275,1281
3171,275,1286
3172,275,1290
3173,275,1294
3174,275,1297
3175,275,1298
3176,275,1302
3177,275,1303
3178,275,1415
3179,275,1416
3180,275,1417
3181,275,1422
3182,275,1424
3183,275,1425
3184,279,5128
3185,275,1438
3186,275,1439
3187,275,1440
3189,275,1441
3190,279,5168
3192,279,5170
3193,279,5171
3195,279,5227
3198,279,5233
3199,279,5234
3201,22,5128
3203,22,5168
3205,22,5170
3206,279,5291
3207,22,5173
3208,22,5207
3209,279,5293
3210,279,5296
3211,279,5339
3212,279,5341
3213,279,5342
3214,279,5343
3215,279,5344
3216,279,5345
3219,279,5349
3220,279,5350
3221,279,5265
3222,279,5271
3223,279,5564
3224,279,5565
3225,279,5567
3226,279,5570
3227,279,5574
3229,279,5576
3230,279,5581
3231,279,5582
3233,279,5620
3234,279,5622
3236,279,5659
3237,279,5661
3238,279,5662
3242,279,5726
3243,279,5727
3246,279,5732
3247,279,5734
3255,279,5421
3256,279,5422
3257,279,5459
3258,279,5461
3259,279,5485
3260,279,5486
3261,279,5491
3262,279,5494
3264,279,5771
3267,279,5529
3269,279,5796
3270,279,5797
3271,279,5799
3273,279,5805
3274,279,5853
3276,279,5880
3277,279,5143
3278,279,5144
3279,279,5176
3280,279,5184
3281,279,5185
3282,279,5189
3283,279,5211
3285,279,5240
3286,279,5245
3287,279,5248
3288,279,5315
3289,279,5314
3290,279,5358
3291,279,5586
3292,279,5587
3293,279,5588
3294,279,5590
3295,279,5631
3296,279,5633
3297,279,5637
3298,279,5710
3299,279,5436
3300,279,5507
3301,279,5806
3302,279,5860
3303,279,5865
3304,22,5564
3305,22,5565
3306,22,5567
3307,22,5568
3308,22,5569
3309,22,5612
3310,22,5613
3311,22,5615
3312,22,5616
3313,22,5617
3314,22,5618
3315,22,5619
3316,22,5620
3317,22,5622
3318,22,5627
3319,22,5661
3320,22,5662
3321,22,5667
3322,22,5668
3323,22,5669
3324,22,5694
3325,22,5695
3326,22,5700
3327,22,5701
3328,22,5727
3329,22,5728
3330,22,5730
3331,22,5731
3332,22,5737
3333,22,5738
3334,22,5373
3335,22,5375
3336,22,5377
3337,22,5380
3338,22,5382
3339,22,5384
3340,22,5386
3341,1,5158
3342,1,5210
3343,1,5232
3344,1,5233
3345,1,5239
3346,1,5269
3347,1,5271
3348,1,5291
3349,1,5339
3350,1,5348
3351,278,358
3352,278,362
3353,278,363
3354,278,365
3356,278,376
3359,278,380
3360,278,384
3361,22,5224
3362,22,5227
3363,22,5228
3364,22,5231
3365,22,5232
3366,278,388
3367,278,390
3368,22,5233
3369,278,399
3370,278,402
3371,22,5237
3372,278,407
3373,278,412
3374,278,415
3375,278,417
3376,278,420
3377,22,5265
3378,22,5266
3379,278,429
3380,22,5267
3381,278,430
3382,22,5271
3383,22,5272
3384,278,434
3385,278,445
3386,278,446
3387,22,5290
3388,278,448
3389,22,5291
3390,22,5296
3391,22,5302
3392,22,5411
3393,22,5414
3394,22,5418
3395,22,5421
3396,22,5422
3397,22,5426
3398,22,5461
3399,22,5463
3400,22,5466
3401,22,5467
3402,22,5468
3403,22,5485
3404,22,5487
3405,22,5488
3406,22,5501
3407,22,5771
3408,22,5772
3409,22,5775
3410,22,5776
3411,22,5777
3412,22,5530
3413,22,5535
3414,22,5538
3415,22,5539
3416,22,5796
3417,22,5797
3418,22,5799
3419,22,5800
3420,22,5802
3421,22,5848
3422,278,449
3423,278,452
3424,278,464
3425,278,470
3426,278,469
3427,278,473
3428,278,485
3429,278,482
3430,278,476
3431,278,490
3432,278,499
3433,278,506
3434,278,509
3435,278,512
3436,278,515
3437,278,517
3438,278,899
3439,278,902
3440,278,911
3441,278,912
3442,278,916
3443,278,917
3444,278,918
3445,278,919
3446,278,931
3447,278,932
3448,278,934
3449,278,936
3450,278,938
3451,278,939
3452,278,943
3453,278,945
3454,278,947
3455,278,1197
3456,278,1199
3457,278,1247
3458,278,1205
3459,278,1203
3460,278,1263
3461,278,1264
3462,278,1271
3463,278,1279
3464,278,1283
3465,278,1285
3466,278,1290
3467,278,1294
3468,278,1302
3469,278,1303
3470,278,1411
3471,278,1416
3472,278,1422
3473,278,1425
3474,278,1431
3475,278,1435
3476,278,1438
3477,278,1440
3478,278,933
3479,278,935
3480,278,941
3481,278,1090
3482,275,361
3483,275,405
3484,275,416
3485,275,482
3486,285,365
3487,285,376
3488,285,377
3489,285,392
3490,285,401
3491,285,402
3492,285,404
3493,285,410
3494,285,417
3495,285,420
3496,285,429
3497,285,440
3498,285,441
3499,285,442
3500,285,448
3501,285,449
3502,285,909
3503,285,912
3504,285,919
3505,20,6100
3506,20,6146
3507,20,6178
3508,22,5951
3509,22,5902
3510,22,5903
3511,22,5906
3512,22,5963
3513,22,5934
3514,22,5943
3515,22,5954
3516,22,5905